COD_DIS;DISTRITO;COD_BAR;BARRIO;UBICACIÓN;EMPLAZAMIE;INFO_ADICI;Nº_EQUIPO;CARACTERÍ;OPERADOR;HORARIO;GESTIÓN;POINT_X;POINT_Y
02;Arganzuela;1;Imperial;Calle Chulapos s/n;Vía pública;-;1;50 kW 2 conectores CC (CCS/Chademo) y 1 conector AC modo 2 Mennekes;REPSOL;24;Convenio vía pública;438893,729999999981374;4473226,259999999776483
02;Arganzuela;6;Palos de Moguer;Ronda de Valencia 1;Vía pública;-;1;50 kW 2 conectores CC (CCS/Chademo) y 1 conector AC modo 2 Mennekes;GIC;24;Convenio vía pública;440624,229999999981374;4473016,219999999739230
03;Retiro;2;Adelfas;Calle Cerro de la Plata 4;Vía pública;-;1;50 kW 2 conectores CC (CCS/Chademo) y 1 conector AC modo 2 Mennekes;GIC;24;Convenio vía pública;442701,580000000016298;4472363,009999999776483
03;Retiro;5;Jerónimos;Calle Alfonso XII, 2;Vía pública;-;1;50 kW 2 conectores CC (CCS/Chademo) y 1 conector AC modo 2 Mennekes;REPSOL;24;Convenio vía pública;441553,760000000009313;4474522,809999999590218
04;Salamanca;1;Recoletos;Calle Goya 36;Vía pública;-;1;50 kW 2 conectores CC (CCS/Chademo) y 1 conector AC modo 2 Mennekes;GIC;24;Convenio vía pública;442227,270000000018626;4475141,530000000260770
04;Salamanca;2;Goya;Calle Goya 123;Vía pública;-;1;50 kW 2 conectores CC (CCS/Chademo) y 1 conector AC modo 2 Mennekes;REPSOL;24;Convenio vía pública;443066,590000000025611;4475108,889999999664724
04;Salamanca;6;Castellana;Calle Castelló 105;Vía pública;-;1;50 kW 2 conectores CC (CCS/Chademo) y 1 conector AC modo 2 Mennekes;GIC;24;Convenio vía pública;442261,150000000023283;4476262,440000000409782
04;Salamanca;4;Guindalera;Mercado de Guindalera. Plaza de San Cayetano, s/n;Mercado municipal;Mercado Municipal;1;50 kW 2 conectores CC (CCS/Chademo) y 1 conector AC modo 2 Mennekes;ENDESA;24;Convenio cesión;443112,649900000018533;4476133,980000000447035
10;Latina;6;Cuatro Vientos;Calle Sinfonia, 9 (ES Ballenoil Aviación);Estación de servicio;-;1;50 kW 2 conectores CC (CCS/Chademo) y 1 conector AC modo 2 Mennekes;IBERDROLA;24;Convenio cesión;434058,489200000010896;4469583,390200000256300
19;Vicálvaro;2;Valdebernardo;Bulevar José Prat, 27A;Vía pública; ;3;2 equipos 100 kW CCS Combo, y 1 equipo 50 kW CCS/Chademo + 1 conector 22kW AC modo 2.;IBERDROLA;24;Concesión demanial;447320,434200000017881;4472066,877700000070035
05;Chamartín;4;Hispanoamérica;Avenida Alfonso XIII, esquina, Costa Rica;Estación de servicio; ;1;50 kW 2 conectores CC (CCS/Chademo) y 1 conector AC modo 2 Mennekes;REPSOL;24;Convenio cesión;443390,460000000020955;4478901,389999999664724
04;Salamanca;6;Castellana;Calle Velázquez 74;Vía pública;-;1;50 kW 2 conectores CC (CCS/Chademo) y 1 conector AC modo 2 Mennekes;REPSOL;24;Convenio vía pública;442015,280000000027940;4475633,049999999813735
04;Salamanca;6;Castellana;Paseo Castellana 52;Vía pública;-;1;50 kW 2 conectores CC (CCS/Chademo) y 1 conector AC modo 2 Mennekes;REPSOL;24;Convenio vía pública;441650,000000000000000;4476325,000000000000000
05;Chamartín;1;El Viso;Paseo Castellana 106;Vía pública;-;1;50 kW 2 conectores CC (CCS/Chademo) y 1 conector AC modo 2 Mennekes;REPSOL;24;Convenio vía pública;441420,489999999990687;4477426,849999999627471
05;Chamartín;4;Hispanoamérica;Paseo Castellana 160;Vía pública;-;2;50 kW 2 conectores CC (CCS/Chademo) y 1 conector AC modo 2 Mennekes. Equipo 150 kW: DC-CCS Combo 2 (≥ 250 A) y CHAdeMO (≥ 100 A);REPSOL;24;Convenio vía pública;441528,450000000011642;4478870,200000000186265
05;Chamartín;6;Castilla;Calle Cardenal Marcelo Spínola 6;Vía pública;-;1;50 kW 2 conectores CC (CCS/Chademo) y 1 conector AC modo 2 Mennekes;GIC;24;Convenio vía pública;443204,659999999974389;4479841,349999999627471
07;Chamberí;2;Arapiles;Calle Fernández de los Ríos 42;Vía pública;-;1;50 kW 2 conectores CC (CCS/Chademo) y 1 conector AC modo 2 Mennekes;REPSOL;24;Convenio vía pública;439847,450000000011642;4476302,269999999552965
07;Chamberí;2;Arapiles;Plaza del Conde de Valle de Suchil;Vía pública;-;1;50 kW 2 conectores CC (CCS/Chademo) y 1 conector AC modo 2 Mennekes;REPSOL;24;Convenio vía pública;440038,830000000016298;4475778,209999999962747
07;Chamberí;3;Trafalgar;Calle Fuencarral 114;Vía pública; ;1;50 kW 2 conectores CC (CCS/Chademo) y 1 conector AC modo 2 Mennekes;REPSOL;24;Convenio vía pública;440414,179999999993015;4475676,400000000372529
07;Chamberí;3;Trafalgar;Calle Manuel Silvela 16;Vía pública;-;1;50 kW 2 conectores CC (CCS/Chademo) y 1 conector AC modo 2 Mennekes;GIC;24;Convenio vía pública;440694,000000000000000;4475775,000000000000000
05;Chamartín;5;Nueva España;Avenida Alberto Alcocer, 11;Aparcamiento;Aparcamiento privado rotación;1;50 kW 2 conectores CC (CCS/Chademo) y 1 conector AC modo 2 Mennekes;ENDESA;24;Convenio cesión;441794,829900000011548;4478935,750199999660254
07;Chamberí;3;Trafalgar;Calle Santa Engracia 115;Vía pública;-;1;50 kW 2 conectores CC (CCS/Chademo) y 1 conector AC modo 2 Mennekes;GIC;24;Convenio vía pública;440607,260000000009313;4476613,589999999850988
07;Chamberí;4;Almagro;Paseo Castellana 33;Vía pública;-;1;50 kW 2 conectores CC (CCS/Chademo) y 1 conector AC modo 2 Mennekes;GIC;24;Convenio vía pública;441547,429999999993015;4475930,089999999850988
08;Fuencarral - El Pardo;5;La Paz;Calle de Sinesio Delgado 2;Vía pública;-;1;50 kW 2 conectores CC (CCS/Chademo) y 1 conector AC modo 2 Mennekes;GIC;24;Convenio vía pública;441683,599999999976717;4480640,990000000223517
15;Ciudad Lineal;6;San Juan Bautista;Calle Bueso Pineda 29;Vía pública;-;1;50 kW 2 conectores CC (CCS/Chademo) y 1 conector AC modo 2 Mennekes;GIC;24;Convenio vía pública;444431,809999999997672;4478363,820000000298023
01;Centro;1;Palacio;Mercado de la Cebada. Plaza de la Cebada;Mercado municipal;Mercado municipal;1;50 kW 2 conectores CC (CCS/Chademo);DRIVE THE CITY;24;Convenio cesión;439749,070000000006985;4473590,809999999590218
05;Chamartín;5;Nueva España;Calle Mateo Inurria, 4;Estación de servicio;-;1;50 kW 2 conectores CC (CCS/Chademo) y 1 conector AC modo 2 Mennekes;REPSOL;24;Convenio cesión;441796,669999999983702;4479756,429999999701977
06;Tetuán;6;Berruguete;Calle Ofelia Nieto, 64;Estación de servicio;-;1;50 kW 2 conectores CC (CCS/Chademo) y 1 conector AC modo 2 Mennekes;REPSOL;24;Convenio cesión;439921,869999999995343;4479217,940000000409782
08;Fuencarral - El Pardo;6;Valverde;ES Repsol 96849 - Calle Abetal 8 - Las Tablas;Estación de servicio;-;2;50 kW 2 conectores CC (CCS/Chademo) y 1 conector AC modo 2 Mennekes;REPSOL;24;Convenio cesión;443805,229999999981374;4483684,429999999701977
09;Moncloa - Aravaca;3;Ciudad Universitaria;ES Hipódromo(CR A-6, 8);Estación de servicio;-;1;50 kW 2 conectores CC (CCS/Chademo) y 1 conector AC modo 2 Mennekes;REPSOL;24;Convenio cesión;435728,679999999993015;4479193,769999999552965
09;Moncloa - Aravaca;6;El Plantío;ES Aravaca - El Plantío (Avenida Victoria 34);Estación de servicio;-;1;50 kW 2 conectores CC (CCS/Chademo) y 1 conector AC modo 2 Mennekes;REPSOL;24;Convenio cesión;430479,359999999986030;4480122,570000000298023
10;Latina;6;Cuatro Vientos;ES Repsol 33826 - Pº Extremadura 543 (A5 PK9);Estación de servicio;-;1;50 kW 2 conectores CC (CCS/Chademo) y 1 conector AC modo 2 Mennekes;REPSOL;24;Convenio cesión;432896,010000000009313;4470164,940000000409782
10;Latina;6;Cuatro Vientos;CRED PAU CARABANCHEL, Av. de la Peseta;Estación de servicio;-;1;50 kW 2 conectores CC (CCS/Chademo) y 1 conector AC modo 2 Mennekes;REPSOL;24;Convenio cesión;434997,820000000006985;4468934,809999999590218
10;Latina;7;Águilas;Mercado de las Águilas - Calle de José Cadalso;Mercado municipal;Mercado Municipal;1;50 kW 2 conectores CC (CCS/Chademo) y 1 conector AC modo 2 Mennekes;DRIVE THE CITY;24;Convenio cesión;434762,239999999990687;4469976,179999999701977
13;Puente de Vallecas;4;Palomeras Sureste;Avenida de la Albufera 319;Aparcamiento;Aparcamiento privado rotación;2;50 kW 2 conectores CC (CCS/Chademo) y 1 conector AC modo 2 Mennekes;ECOLINERAS;24;Convenio cesión;446350,619999999995343;4470558,490000000223517
16;Hortaleza;6;Valdefuentes;Avenida María de Portugal 15;Estación de servicio;-;1;50 kW 2 conectores CC (CCS/Chademo) y 1 conector AC modo 2 Mennekes;IBERDROLA;24;Convenio cesión;443849,630000000004657;4483208,549999999813735
17;Villaverde;3;Butarque;Avda. de los Rosales 147 M-301 km 4,1;Estación de servicio;-;1;50 kW 2 conectores CC (CCS/Chademo) y 1 conector AC modo 2 Mennekes;REPSOL;24;Convenio cesión;443195,299999999988358;4465688,690000000409782
20;San Blas - Canillejas;6;Rejas;ES Repsol Barajas II (CR N-2 P.K. 12,60 D);Estación de servicio;-;1;50 kW 2 conectores CC (CCS/Chademo) y 1 conector AC modo 2 Mennekes;REPSOL;24;Convenio cesión;451967,109999999986030;4477750,540000000037253
01;Centro;6;Sol;Plaza de Jacinto Benavente 6;Aparcamiento;Aparcamiento público rotación. EMT;1;50 kW 2 conectores CC (CCS/Chademo) y 1 conector AC modo 2 Mennekes;EMT;24;EMT;440341,549999999988358;4474015,139999999664724
04;Salamanca;1;Recoletos;Jardines del Descubrimiento - Acceso a Complejo de Aparcamientos subterráneos por Calle de la Armada Española;Aparcamiento;Aparcamiento público rotación. EMT;4;50 kW 2 conectores CC (CCS/Chademo) y 1 conector AC modo 2 Mennekes;EMT;24;EMT;441474,080000000016298;4475110,190000000409782
04;Salamanca;5;Lista;Plaza de Marqués de Salamanca;Aparcamiento;Aparcamiento público rotación. EMT;1;50 kW 2 conectores CC (CCS/Chademo) y 1 conector AC modo 2 Mennekes;EMT;24;EMT;442391,200000000011642;4475742,849999999627471
05;Chamartín;6;Castilla;Calle Hiedra 36;Aparcamiento;Aparcamiento público rotación. EMT;2;50 kW 2 conectores CC (CCS/Chademo) y 1 conector AC modo 2 Mennekes;EMT;24;EMT;442442,159999999974389;4480402,500000000000000
01;Centro;1;Palacio;Plaza de la Cebada;Aparcamiento;Iniciativa privada;1;50 kW 2 conectores CC (CCS/Chademo);DRIVE THE CITY; ;Iniciativa privada;439744,748499999986961;4473589,839900000020862
01;Centro;5;Universidad;Calle Alberto Aguilera 9;Estación de servicio;-;1;50 kW 2 conectores CC (CCS/Chademo);REPSOL; ;Iniciativa privada;439914,739999999990687;4475692,230000000447035
03;Retiro;2;Adelfas;Plaza del Conde de Casal 6;Aparcamiento;Aparcamiento privado rotación. Iniciativa privada;2;50 kW 2 conectores CC (CCS/Chademo);DRIVE THE CITY; ;Iniciativa privada;443198,960000000020955;4473071,620000000111759
08;Fuencarral - El Pardo;8;El Goloso;Calle del Monasterio de Arlanza, 20 (Centro Comercial Montecarmelo);Aparcamiento;Aparcamiento privado rotación. Iniciativa privada;2;50 kW 2 conectores CC (CCS/Chademo);IBERDROLA; ;Iniciativa privada;441485,270000000018626;4484580,969999999739230
16;Hortaleza;3;Canillas;Avenida de Machupichu 105;Estación de servicio;Iniciativa privada;1;50 kW 2 conectores CC (CCS/Chademo);GIC; ;Iniciativa privada;446082,580000000016298;4479561,389999999664724
16;Hortaleza;6;Valdefuentes;Avenida de Niceto Alcala Zamora 20;Estación de servicio;Iniciativa privada;1;50 kW 2 conectores CC (CCS/Chademo);GIC/ GALP; ;Iniciativa privada;445077,479999999981374;4482762,250000000000000
18;Villa de Vallecas;1;Casco Histórico de Vallecas;Avenida Eje Central, 7;Estación de servicio;Iniciativa privada;1;50 kW 2 conectores CC (CCS/Chademo) y 1 conector AC modo 2 Mennekes;NATURGY; ;Iniciativa privada;444372,200000000011642;4468659,860000000335276
18;Villa de Vallecas;1;Casco Histórico de Vallecas;Carretera de Villaverde a Vallecas 278;Estación de servicio;-;1;50 kW 2 conectores CC (CCS/Chademo);REPSOL; ;Iniciativa privada;445890,739999999990687;4469312,599999999627471
21;Barajas;5;Corralejos;Avenida del Consejo de Europa 2;Estación de servicio;Iniciativa privada;4;350 kW conector CC (CCS);GIC / CEPSA; ;Iniciativa privada;447722,669999999983702;4478857,490000000223517
21;Barajas;5;Corralejos;Avenida del Partenón 5 (Recinto IFEMA);Aparcamiento;Aparcamiento privado rotación. Iniciativa privada;2;50 kW 2 conectores CC (CCS/Chademo);IBERDROLA; ;Iniciativa privada;447742,820000000006985;4479473,559999999590218
02;Arganzuela;6;Palos de Moguer;Calle del General Lacy, 21;Vía pública; ;3;2 equipos 100 kW CCS/Chademo, y 1 equipo 50 kW CCS/Chademo + 1 conector 22kW AC modo 2.;TOTALENERGIES;24;Concesión demanial;441386,751500000013039;4472591,667999999597669
03;Retiro;2;Adelfas;Calle de Luis Peidró, 11;Vía pública; ;3;2 equipos 100 kW CCS Combo, y 1 equipo 50 kW CCS/Chademo + 1 conector 22kW AC modo 2.;IBERDROLA;24;Concesión demanial;442874,063399999984540;4472020,790900000371039
14;Moratalaz;1;Pavones;Calle Hacienda de Pavones 231 (enfrente del LIDL);Vía pública; ;3;2 equipos 100 kW CCS Combo, y 1 equipo 50 kW CCS/Chademo + 1 conector 22kW AC modo 2.;IBERDROLA;24;Concesión demanial;446142,321200000005774;4472412,604100000113249
15;Ciudad Lineal;5;San Pascual;Calle Esteban Mora, 43;Vía pública; ;3;2 equipos 100 kW CCS Combo, y 1 equipo 50 kW CCS/Chademo + 1 conector 22kW AC modo 2.;IBERDROLA;24;Concesión demanial;444526,410600000002887;4476666,015399999916553
16;Hortaleza;4;Pinar del Rey;Glorieta De Sandro Pertini (frente a edificio c/ Arequipa, 1);Vía pública; ;3;2 equipos 100 kW CCS Combo, y 1 equipo 50 kW CCS/Chademo + 1 conector 22kW AC modo 2.;IBERDROLA;24;Concesión demanial;445579,859899999981280;4480025,527400000020862
17;Villaverde;4;Los Rosales;Calle de Santa Florencia (enfrente del 1);Vía pública; ;3;2 equipos 100 kW CCS Combo, y 1 equipo 50 kW CCS/Chademo + 1 conector 22kW AC modo 2.;IBERDROLA;24;Concesión demanial;441314,036100000026636;4466782,201000000350177
19;Vicálvaro;1;Casco histórico de Vicálvaro;Calle Villardondiego, 34;Vía pública; ;3;Lote 2. 2 equipos 100 kW CCS/Chademo, y 1 equipo 50 kW CCS/Chademo + 1 conector 22kW AC modo 2;TOTALENERGIES;24;Concesión demanial;448353,179500000027474;4472998,542000000365078
19;Vicálvaro;3;Valderrivas;Calle de Minerva, 17;Vía pública; ;3;2 equipos 100 kW CCS/Chademo, y 1 equipo 50 kW CCS/Chademo + 1 conector 22kW AC modo 2.;TOTALENERGIES;24;Concesión demanial;449179,825499999977183;4472656,580599999986589
18;Villa de Vallecas;1;Casco Histórico de Vallecas;Parcela D.2.1 Anexo avenida de legazpi;Mercamadrid;-;2;50 kW 2 conectores CC (CCS/Chademo) y 1 conector AC modo 2 Mennekes;DRIVE THE CITY;24;Acuerdo bilateral;443790,172100000025239;4467889,654400000348687
18;Villa de Vallecas;1;Casco Histórico de Vallecas;Parcela E4 Anexo Avda Legazpi;Mercamadrid;-;1;50 kW 2 conectores CC (CCS/Chademo) y 1 conector AC modo 2 Mennekes;DRIVE THE CITY;24;Acuerdo bilateral;443986,281699999992270;4468371,294099999591708
18;Villa de Vallecas;1;Casco Histórico de Vallecas;Parcela B14 Anexo Calle 3;Mercamadrid;-;1;50 kW 2 conectores CC (CCS/Chademo) y 1 conector AC modo 2 Mennekes;GIC (CIRCUTOR);24;Acuerdo bilateral;443061,521400000026915;4467834,868800000287592
03;Retiro;4;Ibiza;Calle Ibiza 1;Vía pública;-;1;50 kW 2 conectores CC (CCS/Chademo) y 1 conector AC modo 2 Mennekes;REPSOL;24;Convenio vía pública;442444,530099999974482;4474433,540000000037253
03;Retiro;5;Jerónimos;Plaza de la Lealtad, s/n;Vía pública;-;2;50 kW 2 conectores CC (CCS/Chademo) y 1 conector AC modo 2 Mennekes;GIC;24;Convenio vía pública;441289,710000000020955;4474176,659799999557436
11;Carabanchel;6;Buenavista;Calle Hilario Herranz Establos, 20;Estación de servicio;-;1;50 kW 2 conectores CC (CCS/Chademo) y 1 conector AC modo 2 Mennekes;ENDESA;24;Convenio cesión;438101,260000000009313;4469380,780000000260770
09;Moncloa - Aravaca;2;Argüelles;Calle Marqués de Urquijo, 27;Aparcamiento;Aparcamiento privado rotación;1;50 kW 2 conectores CC (CCS/Chademo) y 1 conector AC modo 2 Mennekes;ENDESA;24;Convenio cesión;439003,669999999983702;4475684,860000000335276
17;Villaverde;1;Villaverde Alto, Casco Histórico de Villaverde;Calle Valle de Tobalina, 24 (ES Ballenoil);Estación de servicio;-;1;50 kW 2 conectores CC (CCS/Chademo) y 1 conector AC modo 2 Mennekes;IBERDROLA;24;Convenio cesión;439248,700000000011642;4465309,950000000186265
06;Tetuán;2;Cuatro Caminos;Mercado Municipal de Maravillas, Calle Bravo Murillo 122;Mercado municipal;Mercado Municipal;2;50 kW 2 conectores CC (CCS/Chademo) y 1 conector AC modo 2 Mennekes;DRIVE THE CITY;24;Convenio cesión;440347,650000000023283;4477839,429999999701977
12;Usera;2;Orcasur;Calle de Eduardo Barreiros, 2 (On rent);Aparcamiento;Aparcamiento privado rotación;1;50 kW 2 conectores CC (CCS/Chademo) y 1 conector AC modo 2 Mennekes;ENDESA;24;Convenio cesión;440927,549999999988358;4469462,700000000186265
06;Tetuán;2;Cuatro Caminos;Avenida del General Perón, 21;Aparcamiento;Aparcamiento privado rotación;1;50 kW 2 conectores CC (CCS/Chademo) y 1 conector AC modo 2 Mennekes;ENDESA;24;Convenio cesión;440993,369999999995343;4478218,780000000260770
12;Usera;2;Orcasur;ES Avenida de Andalucía 38 - Carretera A-4 PK6.70 D;Estación de servicio;-;1;50 KW 2 conectores CC (CCS/Chademo) y 1 conector AC modo 2 Mennekes;REPSOL;24;Convenio cesión;441045,960000000020955;4468677,049999999813735
16;Hortaleza;5;Apostol Santiago;SEDE NATURGY, Av San Luis, 77;Aparcamiento;-;1;50 kW 2 conectores CC (CCS/Chademo) y 1 conector AC modo 2 Mennekes;NATURGY;de 6 a 24 h;Convenio cesión;443786,929999999993015;4480466,049999999813735
18;Villa de Vallecas;1;Casco Histórico de Vallecas;Atolón 98 (Mercamadrid), Calle 29.;Mercamadrid;-;3;50 kW 2 conectores CC (CCS/Chademo) y 1 conector AC modo 2 Mennekes;DRIVE THE CITY;24;Convenio cesión;443843,340000000025611;4467592,540000000037253
15;Ciudad Lineal;1;Ventas;Estación de Servicio SUDEL, Calle Ricardo Ortiz, 44;Estación de servicio;-;1;50 kW 2 conectores CC (CCS/Chademo) y 1 conector AC modo 2 Mennekes;Sudel;24;Convenio cesión;444134,969999999972060;4475248,080000000074506
15;Ciudad Lineal;7;Colina;ES Calle Arturo Soria, 175;Estación de servicio;-;1;50 kW 2 conectores CC (CCS/Chademo) y 1 conector AC modo 2 Mennekes;REPSOL;24;Convenio cesión;444202,219999999972060;4478730,309999999590218
15;Ciudad Lineal;5;San Pascual;Calle Verdaguer y García 5 (Ipark-Verdaguer ampliación);Aparcamiento; ;1;50 kW 2 conectores CC (CCS/Chademo) y 1 conector AC modo 2 Mennekes;ENDESA;24;Convenio cesión;444355,289999999979045;4476807,179999999701977
14;Moratalaz;3;Marroquina;CRE Moratalaz Glorieta del Corregidor Sancho de Córdoba;Estación de servicio;-;1;50 kW 2 conectores CC (CCS/Chademo) y 1 conector AC modo 2 Mennekes;REPSOL;24;Convenio cesión;444688,000000000000000;4473174,179999999701977
18;Villa de Vallecas;1;Casco Histórico de Vallecas;Avenida Mayorazgo, 20;Estación de servicio;-;1;50 kW 2 conectores CC (CCS/Chademo) y 1 conector AC modo 2 Mennekes;GALP;24;Convenio cesión;446388,419999999983702;4468958,450000000186265
20;San Blas - Canillejas;1;Simancas;Avenida Arcentales, 7;Estación de servicio;-;1;50 kW 2 conectores CC (CCS/Chademo) y 1 conector AC modo 2 Mennekes;GALP;24;Convenio cesión;446901,440000000002328;4475280,799999999813735
20;San Blas - Canillejas;1;Simancas;Calle Alcalá 510 (CRED San Blas);Estación de servicio;-;1;50 kW 2 conectores CC (CCS/Chademo) y 1 conector AC modo 2 Mennekes;REPSOL;24;Convenio cesión;446962,630000000004657;4476913,480000000447035
20;San Blas - Canillejas;4;Arcos;Avenida Canillejas a Vicálvaro, 80;Estación de servicio;-;1;50 kW 2 conectores CC (CCS/Chademo) y 1 conector AC modo 2 Mennekes;GALP;24;Convenio cesión;448119,400000000023283;4475248,080000000074506
20;San Blas - Canillejas;5;Rosas;Avenida Canillejas a Vicálvaro, 147;Estación de servicio;-;1;50 kW 2 conectores CC (CCS/Chademo) y 1 conector AC modo 2 Mennekes;Cerdeira;24;Convenio cesión;448149,859999999986030;4475064,070000000298023
18;Villa de Vallecas;3;Ensanche de Vallecas;Calle Alto del Retiro, s/n;Estación de servicio;-;1;50 KW 2 conectores CC (CCS/Chademo) y 1 conector AC modo 2 Mennekes;ENDESA;24;Convenio cesión;450102,960000000020955;4468607,429999999701977
20;San Blas - Canillejas;6;Rejas;CENTRO DE OPERACIONES NATURGY, Calle Deyanira, 10;Aparcamiento;-;1;50 KW 2 conectores CC (CCS/Chademo) y 1 conector AC modo 2 Mennekes;NATURGY;24;Convenio cesión;450281,090000000025611;4477078,139999999664724
20;San Blas - Canillejas;6;Rejas;Calle Nanclares de Oca, 5-17;Aparcamiento;-;2;50 kW 2 conectores CC (CCS/Chademo) y 1 conector AC modo 2 Mennekes;IBERDROLA; ;Convenio cesión;451189,450000000011642;4477428,740000000223517
18;Villa de Vallecas;1;Casco Histórico de Vallecas;ESTACIÓN DE SUMINISTRO GNC (CTM), Avenida Eje Central, 7;Estación de servicio;-;1;50 kW 2 conectores CC (CCS/Chademo) y 1 conector AC modo 2 Mennekes;NATURGY;24;Convenio cesión;444372,200000000011642;4468663,387799999676645
01;Centro;4;Justicia;Calle Génova 24;Vía pública;-;1;50 kW 2 conectores CC (CCS/Chademo) y 1 conector AC modo 2 Mennekes;GIC;24;Convenio vía pública;441265,931500000006054;4475256,831399999558926
17;Villaverde;2;San Cristóbal;Calle Godella 116;Vía pública; ;3;2 equipos 100 kW CCS/Chademo, y 1 equipo 50 kW CCS/Chademo + 1 conector 22kW AC modo 2.;TOTALENERGIES;24;Concesión demanial;441508,066899999976158;4465807,881299999542534
19;Vicálvaro;1;Casco histórico de Vicálvaro;Paseo Polidportivo s/n. Centro Deportivo Margot Moles;Vía pública; ;3;Lote 2. 2 equipos 100 kW CCS/Chademo, y 1 equipo 50 kW CCS/Chademo + 1 conector 22kW AC modo 2.;TOTALENERGIES;24;Concesión demanial;448775,069599999987986;4473350,615699999965727
04;Salamanca;4;Guindalera;Calle de Roberto Domingo, 4;Vía pública; ;2;1 equipo de 150 kW (DC-CCS Combo 2 (≥ 250 A) y CHAdeMO (≥ 100 A)) y 1 equipo de 50 kW (DC-CCS Combo 2 (50kW) y CHAdeMO (50kW). AC- Tipo 2 (22kW));REPSOL;24;Convenio vía pública;443931,701799999980722;4476140,922299999743700
10;Latina;7;Águilas;Calle Guareña cv av Aguilas;Vía pública; ;3;Lote 3. 2 equipos 100 kW CCS Combo, y 1 equipo 50 kW CCS/Chademo + 1 conector 22kW AC modo 2.;IBERDROLA;24;Concesión demanial;435098,280299999983981;4470762,069600000046194
11;Carabanchel;4;Vista Alegre;Calle del Parque Eugenia de Montijo, 36;Vía pública; ;3;2 equipos 100 kW CCS Combo, y 1 equipo 50 kW CCS/Chademo + 1 conector 22kW AC modo 2.;IBERDROLA;24;Concesión demanial;436111,029600000008941;4470121,182300000451505
07;Chamberí;6;Vallehermoso;Calle Santander, 5;Vía pública; ;3;Lote 3. 2 equipos 100 kW CCS Combo, y 1 equipo 50 kW CCS/Chademo + 1 conector 22kW AC modo 2.;IBERDROLA;24;Concesión demanial;439785,479200000001583;4477185,473199999891222
06;Tetuán;4;Almenara;Calle San Aquilino, 1 B;Aparcamiento;Iniciativa privada;2;50 kW 2 conectores CC (CCS/Chademo);IBERDROLA; ;Iniciativa privada;441420,458600000012666;4479879,976599999703467
05;Chamartín;2;Prosperidad;Avenida de América 9 A, planta -3;Aparcamiento;Iniciativa privada;2;50 kW 2 conectores CC (CCS/Chademo);IBERDROLA; ;Iniciativa privada;442609,187500000000000;4476593,967600000090897
18;Villa de Vallecas;18;Casco Histórico de Vallecas;Avda. de Madrid - Aparcamiento Este del Mercado Central de Pescados (Parcela C2);Mercamadrid; ;2;50 kW 2 conectores CC (CCS/Chademo) y 1 conector AC modo 2 Mennekes; ;24;Acuerdo bilateral;443799,344700000016019;4467813,073200000450015
08;Fuencarral - El Pardo;08;Pilar;CENTRO COMERCIAL MADRID 2 - LA VAGUADA. Av. de Monforte de Lemos, 36;Aparcamiento; ;2;DC-CCS Combo 2 (50kW) y CHAdeMO (50kW). AC- Tipo 2 (22kW);CC LA VAGUADA;de 6:00 a 1:00 a.m.;Convenio cesión;439988,057700000004843;4481183,206600000150502
18;Villa de Vallecas;18;Casco Histórico de Vallecas;Avda. de Madrid - Aparcamiento Este del Mercado Central  de Pescados (Parcela C2)  Mercamadrid.;Mercamadrid; ;1;150 kW DC-CCS Combo 2 (≥ 250 A) y CHAdeMO (≥ 100 A); ;24;Acuerdo bilateral;443846,688800000003539;4467593,809799999929965
08;Fuencarral - El Pardo;08;El Goloso;CAMPUS CANTOBLANCO – RECTORADO;Aparcamiento; ;2;DC-CCS Combo 2 (50kW) y CHAdeMO (50kW) - AC- Tipo 2 (22kW);UAM;24;Convenio cesión;441119,244000000006054;4488363,297199999913573
21;Barajas;21;Corralejos;C/Vía Dublín s/n. Club de golf Olivar de la Hinojosa.;Aparcamiento; ;2;DC-CCS Combo 2 (50kW) y CHAdeMO (50kW). AC- Tipo 2 (22kW);BLAUDRIVE;de 7:30h a 21:00h;Convenio Cesión;448314,769800000009127;4479931,932099999859929
12;Usera;12;Moscardó;Calle Amparo Usera, 46. Mercado Usera;Mercado municipal; ;1;DC-CCS Combo 2 (50kW) y CHAdeMO (50kW) AC- Tipo 2 (22kW);BLAUDRIVE;24;Convenio Cesión;440032,890000000013970;4470962,540099999867380
15;Ciudad Lineal;15;San Juan Bautista;Hospital Vithas Clinsa SA. Calle de Ramírez de Arellano, 2;Aparcamiento; ;1;DC-CCS Combo 2 (50kW) y CHAdeMO (50kW) AC- Tipo 2 (22kW);ENDESA X SERVICIOS S.L.; ;Convenio Cesión;444662,095299999986310;4477889,025200000032783
04;Salamanca;04;Castellana;C.C. ABC SERRANO. Calle Serrano, 61;Aparcamiento; ;1;Conectores: DC- CCS Combo 2, 50 kW y CHAdeMO 50 kW.  Toma: AC- Tipo 2, 22 kW;ENDESA X SERVICIOS S.L.; ;Convenio Cesión;441732,392200000002049;4475956,819199999794364
18;Villa de Vallecas;18;Casco Histórico de Vallecas;Calle 29. Mercamadrid;Aparcamiento;Iniciativa privada;1;180 kW 2 conectores CC (CCS);DRIVE THE CITY;24;Iniciativa privada;443840,592899999988731;4467591,359100000001490
08;Fuencarral - El Pardo;08;El Goloso;CAMPUS CANTOBLANCO – DERECHO;Aparcamiento; ;2;DC-CCS Combo 2 (50kW) y CHAdeMO (50kW) - AC- Tipo 2 (22kW);UAM;24;Convenio cesión;441450,529099999985192;4488165,198400000110269
13;Puente de Vallecas;13;San Diego;Calle Martínez de la Riva, 4. Mercado Puente de Vallecas;Mercado municipal; ;1;DC-CCS Combo 2 (50kW) y CHAdeMO (50kW) AC- Tipo 2 (22kW);BLAUDRIVE;De lunes a sábados, de 9:00h – 21:30h;Convenio Cesión;443330,709900000016205;4471839,370400000363588
17;Villaverde;17;Villaverde Alto - Casco Histórico de Villaverde;OnTime - Avenida Marconi, 4;Aparcamiento; ;2;50 kW;ENDESA X SERVICIOS S.L.; ;Convenio Cesión;441120,673499999975320;4465078,711000000126660
09;Moncloa - Aravaca;09;Valdemarín;Hospital Vithas Pardo de Aravaca. Calle de la Salle, 12;Aparcamiento; ;1;50 kW;ENDESA X SERVICIOS S.L.; ;Convenio cesión;433583,066899999976158;4479813,219200000166893
01;Centro;01;Sol;Calle Alcalá 17. Parking de Canalejas.;Aparcamiento;Aparcamiento;12;4 equipos 400 kW, 4 equipos 200 kW, 4 equipos 50 kW 2 conectores CC (CCS/Chademo) y 1 conector AC modo 2 Mennekes;EMT;24;EMT;440606,531299999973271;4474372,021399999968708
08;Fuencarral - El Pardo;08;Peñagrande;ES Cardenal Herrera Oria. Avenida Cardenal Herrera Oria 290;Estación de Servicio; ;1;50 kW 2 conectores CC (CCS/Chademo) y 1 conector AC modo 2 Mennekes;REPSOL;24;Convenio cesión;438445,569799999997485;4481170,552099999971688
04;Salamanca;04;Recoletos;Paseo Recoletos 4;Aparcamiento;Aparcamiento público rotación. EMT;2;50 kW 2 conectores CC (CCS/Chademo) y 1 conector AC modo 2 Mennekes;EMT;24;EMT;441292,876999999978580;4474670,773199999704957
08;Fuencarral - El Pardo;08;Pilar;CENTRO COMERCIAL MADRID 2 - LA VAGUADA. Av. de Monforte de Lemos, 36;Aparcamiento; ;4;2 equipos 150 kW: DC-CCS Combo 2 (≥ 250 A) y CHAdeMO (≥ 100 A). 2 equiposn 50kW: DC-CCS Combo 2 (50kW) y CHAdeMO (50kW). AC- Tipo 2 (22kW).;CC LA VAGUADA;de 6:00 a 1:00 a.m.;Convenio cesión;440027,180600000021514;4481197,540000000037253
